{
  "project_info": {
    "project_number": "733012087402",
    "project_id": "flutterfirebase-a4aab",
    "storage_bucket": "flutterfirebase-a4aab.appspot.com"
  },
  "client": [
    {
      "client_info": {
        "mobilesdk_app_id": "1:733012087402:android:b034c06ec58dc8ab78b013",
        "android_client_info": {
          "package_name": "com.example.practica_flutter"
        }
      },
      "oauth_client": [
        {
          "client_id": "733012087402-d35cf530fgfqmle41j68n2mcj8luon88.apps.googleusercontent.com",
          "client_type": 3
        }
      ],
      "api_key": [
        {
          "current_key": "AIzaSyAf-0sOPk459HPk4Mw6DROXYc_-VPtpt00"
        }
      ],
      "services": {
        "appinvite_service": {
          "other_platform_oauth_client": [
            {
              "client_id": "733012087402-d35cf530fgfqmle41j68n2mcj8luon88.apps.googleusercontent.com",
              "client_type": 3
            }
          ]
        }
      }
    },
    {
      "client_info": {
        "mobilesdk_app_id": "1:733012087402:android:16d98282777dd11e78b013",
        "android_client_info": {
          "package_name": "com.example.untitled"
        }
      },
      "oauth_client": [
        {
          "client_id": "733012087402-d35cf530fgfqmle41j68n2mcj8luon88.apps.googleusercontent.com",
          "client_type": 3
        }
      ],
      "api_key": [
        {
          "current_key": "AIzaSyAf-0sOPk459HPk4Mw6DROXYc_-VPtpt00"
        }
      ],
      "services": {
        "appinvite_service": {
          "other_platform_oauth_client": [
            {
              "client_id": "733012087402-d35cf530fgfqmle41j68n2mcj8luon88.apps.googleusercontent.com",
              "client_type": 3
            }
          ]
        }
      }
    }
  ],
  "configuration_version": "1"
}